Room,Level,Building,Colour Code,Room Name,Function,Owner | Booker,Usage Notes / Specialist notes,Capacity,Image,Movable Furniture?,House PC,BYOD Connection(s),BYOD Non-standard connections,Main Display,Secondary Display,Podium monitor,Camera,Microphone,Document Cam (Visulizer),Conference Phone,Last Upgraded,Upgrade Due,Upgrade Priority,Door Signage,Comments,Task Assigned to,Modified,Modified By
110,1,RB,Specialist,TV Studio,Specialist Activities,,TV Studio,3,,,N/A,,,,,,,,,,,,,Correct,,,2023-05-30T13:17:29Z,l.mitchell36@rgu.ac.uk
114,1,RB,Specialist,TV Studio Control Room,Specialist Activities,,TV Studio Control Room,4,,,N/A,,,,,,,,,,,,,Correct,,,2023-05-30T13:17:49Z,l.mitchell36@rgu.ac.uk
116,1,RB,Yellow,Yellow IT Lab,IT Lab (School),CCB,PC Lab,33,,,Yes,HDMI & VGA,,Projector,,Standard monitor,IP,Boundary,,,,,,Correct,,,2023-07-17T10:58:14Z,l.mitchell36@rgu.ac.uk
117,1,RB,Purple,Purple Teaching Room,Teaching,,,40,,Y,BYOD,HDMI,,Touchscreen,,,USB - fixed,Soundbar,,,,,,Correct,,,2023-05-30T13:17:50Z,l.mitchell36@rgu.ac.uk
118,1,RB,Yellow,Yellow Teaching Room,Teaching,,,79,,Y,Yes,HDMI & VGA,,Projector,Projector,Standard monitor,IP,Boundary & lapel,SDC-330,,,Summer 2023,Medium,Updating,upgrade to Purple,r.pearce@rgu.ac.uk,2023-07-17T10:58:18Z,l.mitchell36@rgu.ac.uk
119,1,RB,Specialist,Radio Studio,Specialist Activities,,Radio Studio,1,,,N/A,,,,,,,,,,,,,Correct,,,2023-05-30T13:19:41Z,l.mitchell36@rgu.ac.uk
123,1,RB,Yellow,Yellow MAC Lab,IT Lab (School),CCB,Moffat Digital Space,32,,,Mac,HDMI & VGA,,Projector,,Standard monitor,IP,Lapel,SDC-450,,7/17/2023,Summer 2023,Upgraded,Correct,Tech update,r.pearce@rgu.ac.uk,2023-07-17T10:58:19Z,l.mitchell36@rgu.ac.uk
124,1,RB,Yellow,Yellow Teaching Room,Teaching,,,77,,Y,Yes,HDMI & VGA,,Projector,Projector,Standard monitor,IP,Boundary,SDC-330,,,,,Correct,,,2023-07-17T10:58:20Z,l.mitchell36@rgu.ac.uk
204,2,RB,Green,Green IT Lab,IT Lab,,Booking required,35,,,BYOD,HDMI,,Projector,,,USB - fixed,USB Boundary,,,,,,Correct,,,2023-05-30T13:19:41Z,l.mitchell36@rgu.ac.uk
205,2,RB,Green,Green IT Lab,IT Lab,,Booking required,35,,,BYOD,HDMI,,Projector,,,USB - fixed,USB Boundary,,,,,,Correct,,,2023-05-30T13:19:41Z,l.mitchell36@rgu.ac.uk
210,2,RB,Purple,Purple Teaching Room,Teaching,,,24,,Y,BYOD,HDMI & Screen share,,Touchscreen,,,USB - fixed,USB Boundary,,,,,,Correct,,,2023-05-30T13:19:41Z,l.mitchell36@rgu.ac.uk
213,2,RB,Yellow,Yellow Teaching Room,Teaching,,,40,,Y,Yes,HDMI & VGA,,Projector,,Standard monitor,IP,Boundary,SDC-450,,,,,Correct,,,2023-07-17T10:58:21Z,l.mitchell36@rgu.ac.uk
214,2,RB,Blue,Blue Teaching Room,Teaching,,,54,,Y,Yes,HDMI & VGA,,Projector,,Touchscreen monitor (podium),IP,Boundary,SDC-330,,7/17/2023,Summer 2023,Upgraded,Ready for new signage,Upgraded to Blue,r.pearce@rgu.ac.uk,2023-07-17T10:56:36Z,l.mitchell36@rgu.ac.uk
215,2,RB,Blue,Blue Teaching Room,Teaching,,,48,,Y,Yes,HDMI & VGA,,Projector,Projector,Touchscreen monitor (podium),IP,Boundary,SDC-330,,7/17/2023,Summer 2023,Upgraded,Ready for new signage,Upgraded to Blue,r.pearce@rgu.ac.uk,2023-07-17T10:56:45Z,l.mitchell36@rgu.ac.uk
216,2,RB,Specialist,Fashion Studio,Specialist Activities,CCB,(Purple),60,,Y,BYOD,HDMI & Screen share,,Touchscreen,,,USB - fixed,USB Boundary,,,,,,Correct,,,2023-06-06T14:54:49Z,l.mitchell36@rgu.ac.uk
217,2,RB,Purple,Purple Teaching Room,Teaching,,,21,,Y,BYOD,HDMI & Screen share,,Touchscreen,,,USB - fixed,USB Boundary,,,,,,Correct,,,2023-05-30T13:19:41Z,l.mitchell36@rgu.ac.uk
218,2,RB,Yellow,Yellow Teaching Room,Teaching,,,20,,Y,Yes,HDMI & VGA,,Screen,,Standard monitor,IP,Boundary,,,,,,Updating,Confirm status,,2023-07-17T10:58:21Z,l.mitchell36@rgu.ac.uk
219,2,RB,Purple,Purple Teaching Room,Teaching,,,18,,Y,BYOD,HDMI & Screen share,,Touchscreen,,,USB - fixed,USB Boundary,,,,,,Correct,,,2023-05-30T13:19:41Z,l.mitchell36@rgu.ac.uk
220,2,RB,Yellow,Yellow Teaching Room,Teaching,,,18,,Y,Yes,HDMI & VGA,,Projector,,Standard monitor,IP,Boundary,,,,,,Correct,,,2023-07-17T10:58:23Z,l.mitchell36@rgu.ac.uk
221,2,RB,Yellow,Yellow Lecture Theatre,Teaching ,,,121,,,Yes,HDMI & VGA,,Projector,,Standard monitor,IP,Gooseneck & lapel,WolfVision V8-plus3,,,,,Correct,,,2023-07-17T10:58:24Z,l.mitchell36@rgu.ac.uk
222,2,RB,Yellow,Yellow Lecture Theatre,Teaching ,,,289,,,Yes,HDMI & VGA,,Projector,,Standard monitor,IP,Gooseneck & lapel,WolfVision V8-light3,,,,,Correct,,,2023-07-17T10:58:25Z,l.mitchell36@rgu.ac.uk
223,2,RB,Yellow,Yellow Lecture Theatre,Teaching ,,,121,,,Yes,HDMI & VGA,,Projector,,Standard monitor,IP,Gooseneck & lapel,WolfVision V8-light3,,,,,Correct,,,2023-07-17T10:58:25Z,l.mitchell36@rgu.ac.uk
317,3,RB,Yellow,Yellow Teaching Room,Teaching,,,57,,Y,Yes,HDMI & VGA,,Projector,,Standard monitor,IP,Boundary & lapel,SDC-330,,,,,Correct,,,2023-07-17T10:58:26Z,l.mitchell36@rgu.ac.uk
318,3,RB,Yellow,Student Group Work Room,Specialist Activities,Library Services,unavailable (Yellow) standard signage,10,,,Yes,HDMI & VGA,,Screen,,Standard monitor,WebCam,WebCam & Lapel,,,,,,Correct,,,2023-07-17T10:58:29Z,l.mitchell36@rgu.ac.uk
319,3,RB,Purple,Purple Teaching Room,Teaching,,,36,,Y,Yes,HDMI & VGA,WolfVision Core Pro,Touchscreen,,,IP,Soundbar,,,,,,Correct,,,2023-05-30T13:19:54Z,l.mitchell36@rgu.ac.uk
320,3,RB,Yellow,Yellow Teaching Room,Teaching,,,33,,Y,Yes,HDMI & VGA,,Projector,,Standard monitor,IP,Boundary,SDC-330,,,,,Correct,,,2023-07-17T10:58:30Z,l.mitchell36@rgu.ac.uk
321,3,RB,Yellow,Yellow IT Lab,IT Lab,Estates,,36,,,Yes,HDMI & VGA,,Projector,Projector,Standard monitor,IP,Lapel,SDC-330,,,,,Correct,,,2023-07-26T10:10:03Z,l.mitchell36@rgu.ac.uk
322,3,RB,Yellow,Meeting Room,Specialist Activities,Student Union,Project room (Yellow) standard signage,8,,Y,Yes,HDMI & VGA,,Screen,,Standard monitor,WebCam,WebCam & Lapel,,,,,,Correct,,,2023-07-17T10:58:31Z,l.mitchell36@rgu.ac.uk
323,3,RB,Yellow,Meeting Room,Specialist Activities,Student Union,Project room (Yellow) standard signage,8,,Y,Yes,HDMI & VGA,,Screen,,Standard monitor,WebCam,WebCam & Lapel,,,,,,Correct,,,2023-07-17T10:58:32Z,l.mitchell36@rgu.ac.uk
325,3,RB,Yellow,Meeting Room,Specialist Activities,ABS,Podcast / Meeting (Yellow) standard signage,3,,Y,Yes,HDMI & VGA,,Screen,,Standard monitor,WebCam,WebCam & boundary,,Cisco 7937,,,,Correct,,,2023-07-17T10:58:33Z,l.mitchell36@rgu.ac.uk
326,3,RB,Yellow,Meeting Room,Specialist Activities,ABS,Podcast / Meeting (Yellow) standard signage,5,,Y,Yes,HDMI & VGA,,Screen,,Standard monitor,WebCam,WebCam & boundary,,Cisco 7937,,,,Correct,,,2023-07-17T10:58:34Z,l.mitchell36@rgu.ac.uk
327,3,RB,White,Meeting Room,Meeting,ABS,,2,,Y,N/A,,,,,,,,,,,,,Correct,,,2023-05-30T13:19:55Z,l.mitchell36@rgu.ac.uk
331,3,RB,White,Meeting Room,Meeting,ABS,,2,,Y,N/A,,,,,,,,,,,,,Correct,,,2023-05-30T13:19:55Z,l.mitchell36@rgu.ac.uk
332,3,RB,White,Meeting Room,Meeting,ABS,,2,,Y,N/A,,,,,,,,,,,,,Correct,,,2023-05-30T13:19:59Z,l.mitchell36@rgu.ac.uk
404,4,RB,Yellow,Yellow Teaching Room,Teaching,,,20,,Y,Yes,,,,,Standard monitor,IP,,,,,,,Correct,,,2023-07-17T10:58:35Z,l.mitchell36@rgu.ac.uk
415,4,RB,Yellow,Yellow Teaching Room,Teaching,,,40,,Y,Yes,HDMI & VGA,,Projector,,Standard monitor,IP,Boundary,SDC-450,,,,,Correct,,,2023-07-17T10:58:37Z,l.mitchell36@rgu.ac.uk
425,4,RB,Blue,Blue Teaching Room,Teaching,,,60,,Y,Yes,HDMI & VGA,,Projector,,Touchscreen monitor (podium),WebCam,WebCam,SDC-450,,,,,Correct,,,2023-07-17T10:57:15Z,l.mitchell36@rgu.ac.uk
426,4,RB,Blue,Blue Teaching Room,Teaching,,,24,,Y,Yes,HDMI & VGA,,Projector,,Touchscreen monitor (podium),IP,Boundary,,,7/17/2023,Summer 2023,Upgraded,Ready for new signage,Upgraded to Blue,r.pearce@rgu.ac.uk,2023-07-17T10:56:39Z,l.mitchell36@rgu.ac.uk
428,4,RB,Blue,Blue Teaching Room,Teaching,,,20,,Y,Yes,HDMI & VGA,,Projector,,Touchscreen monitor (podium),IP,Boundary,SDC-330,,7/17/2023,Summer 2023,Upgraded,Ready for new signage,Upgraded to Blue,r.pearce@rgu.ac.uk,2023-07-17T10:56:39Z,l.mitchell36@rgu.ac.uk
522,5,RB,Yellow,Yellow Teaching Room,Teaching,,,60,,Y,Yes,HDMI & VGA,,Projector,,Standard monitor,WebCam,WebCam,SDC-450,,,,,Correct,,,2023-07-17T10:58:37Z,l.mitchell36@rgu.ac.uk
620,6,RB,Yellow,Meeting Room,Meeting,,(Yellow Room) standard signage,28,,Y,Yes,VGA,,Screen,,Standard monitor,Webcam,,,,,,,Correct,,,2023-07-17T10:58:38Z,l.mitchell36@rgu.ac.uk
232a,2,RB,Specialist,Moot Court,Specialist Activities,LAW,"Comprises 232a (Yellow Room), 232b ",20,,,Yes,VGA,,Projector,,,Not Required,,,,,,,Correct,,,2023-05-30T13:19:59Z,l.mitchell36@rgu.ac.uk
412,4,RB,,,Social,,,,,,,,,,,,,,,,,,,,,,,
413,4,RB,Purple,Meeting Room,Meeting,SU,,,,,Yes,,,,,,,,,,,,,Correct,,,2023-05-30T13:19:59Z,l.mitchell36@rgu.ac.uk
413a,4,RB,Yellow,Boardroom,Meeting,SU,,10,,,Yes,,,,,Standard monitor,,,,,,,,Correct,,,2023-07-17T10:58:38Z,l.mitchell36@rgu.ac.uk
417/418,4,RB,Yellow,Yellow IT Lab,IT Lab (School),CCB,MAC Lab,36,,,Mac,HDMI & VGA,,Projector,Projector,Standard monitor,Camera built into MAC,,,,,,,Correct,,,2023-07-17T10:58:40Z,l.mitchell36@rgu.ac.uk
G201,2,CSB,White,Meeting Room,Meeting,,,4,,Y,N/A,,,,,,,,,,,,,Correct,,,2023-05-30T13:20:00Z,l.mitchell36@rgu.ac.uk
G202,2,CSB,Yellow,Meeting Room,Meeting,,(Yellow Room) standard signage,12,,,Yes,,,,,Standard monitor,Webcam,Webcam,,,,,,Correct,,,2023-07-17T10:58:41Z,l.mitchell36@rgu.ac.uk
G302,3,CSB,Yellow,Meeting Room,Meeting,,(Yellow Room) standard signage,11,,,Yes,,,,,Standard monitor,Webcam,Webcam,,,,,,Correct,,,2023-07-17T10:58:42Z,l.mitchell36@rgu.ac.uk
H103,1,IGB,Specialist,X-Ray Room,Specialist Activities,SHS,(Yellow Room),7,,,Yes,,,,,,,,,,,,,Correct,,,2023-05-30T13:20:05Z,l.mitchell36@rgu.ac.uk
H105,1,IGB,Specialist,Practical Training Room,Specialist Activities,SHS,(Yellow Room),20,,,Yes,HDMI,VIA Go,Screen,Screen x4,,Not Required,,,,,,,Correct,,,2023-05-30T13:20:05Z,l.mitchell36@rgu.ac.uk
H106,1,IGB,Specialist,Practical Training Room,Specialist Activities,SHS,,20,,,Yes,HDMI,VIA Go,Screen,Screen x4,,Not Required,,,,,,,Correct,,,2023-05-30T13:20:05Z,l.mitchell36@rgu.ac.uk
H107,1,IGB,Specialist,Retail Evaluation Unit,Specialist Activities,SHS,,3,,,N/A,,,,,,,,,,,,,Correct,,,2023-05-30T13:20:05Z,l.mitchell36@rgu.ac.uk
H108,1,IGB,Specialist,Activities Room,Specialist Activities,SHS,,20,,,N/A,,,,,,,,,,,,,Correct,,,2023-05-30T13:20:06Z,l.mitchell36@rgu.ac.uk
H109,1,IGB,Specialist,Human Performance Lab,Specialist Activities,SHS,,24,,,N/A,,,,,,,,,,,,,Correct,,,2023-05-30T13:20:06Z,l.mitchell36@rgu.ac.uk
H123,1,IGB,Specialist,Exercise Room,Specialist Activities,SHS,(Yellow Room),91,,,Yes,HDMI,,Projector,,,Not Required,,,,,,,Correct,,,2023-05-30T13:20:06Z,l.mitchell36@rgu.ac.uk
H123/1,1,IGB,Specialist,FCE Lab,Specialist Activities,SHS,,2,,,N/A,,,,,,,,,,,,,Correct,,,2023-05-30T13:20:10Z,l.mitchell36@rgu.ac.uk
H207,2,IGB,Specialist,Multi-Purpose Room,Specialist Activities,Clinical Skills,(Yellow),30,,,Yes,HDMI,VIA Go,Screen,Screen x5,,SMOTS,,,,,,,Correct,,,2023-05-30T13:20:10Z,l.mitchell36@rgu.ac.uk
H208,2,IGB,Specialist,High Fidelity Room,Specialist Activities,Clinical Skills,(Yellow),12,,,Yes,HDMI,VIA Go,Screen,,,Not Required,,,,,,,Correct,,,2023-05-30T13:20:10Z,l.mitchell36@rgu.ac.uk
H210,2,IGB,Specialist,High Fidelity Room,Specialist Activities,Clinical Skills,(Yellow),8,,,Yes,HDMI,VIA Go,Screen,,,Not Required,,,,,,,Correct,,,2023-05-30T13:20:10Z,l.mitchell36@rgu.ac.uk
H214,2,IGB,Specialist,Children's Ward,Specialist Activities,Clinical Skills,Children's Single Bedded Ward,8,,,N/A,,,,,,,,,,,,,Correct,,,2023-05-30T13:20:10Z,l.mitchell36@rgu.ac.uk
H217,2,IGB,Specialist,Ward,Specialist Activities,Clinical Skills,6 - Bedded ward (Yellow),18,,,Yes,HDMI,VIA Go,Screen,Screen,,SMOTS,,,,,,,Correct,,,2023-05-30T13:20:11Z,l.mitchell36@rgu.ac.uk
H218,2,IGB,Specialist,Intensive Care / Sim Man Unit,Specialist Activities,Clinical Skills,(Yellow),8,,,Yes,HDMI,VIA Go,Screen,Screen,,SMOTS,,,,,,,Correct,,,2023-05-30T13:20:11Z,l.mitchell36@rgu.ac.uk
H219,2,IGB,Specialist,Ward,Specialist Activities,Clinical Skills,6 - Bedded ward (Yellow),18,,,Yes,HDMI,VIA Go,Screen,,,SMOTS,,,,,,,Correct,,,2023-05-30T13:20:11Z,l.mitchell36@rgu.ac.uk
H219/1,2,IGB,Specialist,SMOT Control Room,Specialist Activities,Clinical Skills,(Yellow Room),,,,Yes,HDMI,,Screen,,,SMOTS,,,,,,,Correct,,,2023-06-07T08:25:08Z,l.mitchell36@rgu.ac.uk
H220,2,IGB,Specialist,Home Setting Room,Specialist Activities,Clinical Skills,,15,,,N/A,,,,,,,,,,,,,Correct,,,2023-05-30T13:20:11Z,l.mitchell36@rgu.ac.uk
H223,2,IGB,Yellow,Yellow Lecture Theatre,Teaching ,,,192,,,Yes,HDMI & VGA,,Projector,,Standard monitor,IP,Lapel,SDC-330,,,,,Correct,,,2023-07-17T10:58:43Z,l.mitchell36@rgu.ac.uk
H230,2,IGB,Yellow,Conference Suite,Meeting,,(Yellow Room) standard signage,30,,Y,Yes,HDMI,,Projector,,Standard monitor,Webcam,,,Cisco 7937,,,,Correct,,,2023-07-17T10:58:43Z,l.mitchell36@rgu.ac.uk
H232,2,IGB,Yellow,Meeting Room,Meeting,,(Yellow Room) standard signage,18,,Y,Yes,HDMI & VGA,,Projector,,Standard monitor,WebCam,WebCam,,Cisco 7937,,,,Correct,,,2023-07-17T10:58:44Z,l.mitchell36@rgu.ac.uk
H234,2,IGB,Yellow,Yellow Lecture Theatre,Teaching ,,,154,,,Yes,HDMI & VGA,,Projector,,Standard monitor,IP,Boundary & lapel,SDC-330,,,Summer 2023,High,Updating,Upgrade to Blue,r.pearce@rgu.ac.uk,2023-07-17T10:58:45Z,l.mitchell36@rgu.ac.uk
H301,3,IGB,Yellow,Yellow Teaching Room,Teaching,,,28,,Y,Yes,HDMI,,Screen,,Standard monitor,Logitech,Logitech,,,,,,Correct,,,2023-07-17T10:58:46Z,l.mitchell36@rgu.ac.uk
H303,3,IGB,Yellow,Meeting Room,Meeting,,,,,,Yes,HDMI & VGA,,Projector,,Standard monitor,IP,Lapel,SDC-330,Cisco 7937,,,,Correct,1 screen 1 projector,,2023-07-17T10:58:47Z,l.mitchell36@rgu.ac.uk
H304,3,IGB,Yellow,Yellow Teaching Room,Teaching,,,70,,Y,Yes,HDMI & VGA,,Projector,Interactive monitor,Standard monitor,IP,Boundary,SDC-450,,,,,Correct,,,2023-07-17T10:58:48Z,l.mitchell36@rgu.ac.uk
H401,4,IGB,Yellow,Yellow IT Lab,IT Lab,,Open access,84,,,Yes,,,,,Standard monitor,,,,,,,,Correct,,,2023-07-17T10:58:48Z,l.mitchell36@rgu.ac.uk
H402,4,IGB,Purple,Purple IT Lab,IT Lab,,PC Lab,20,,,BYOD,HDMI & Screen share,,Touchscreen,,,USB - fixed,USB Boundary,,,,,,Correct,,,2023-05-30T13:20:16Z,l.mitchell36@rgu.ac.uk
H403/ H404,4,IGB,Yellow,Yellow IT Lab,IT Lab,,PC Lab,40,,,Yes,HDMI & VGA,,Projector,Interactive monitor,Standard monitor,IP,Boundary,SDC-450,,,,,Correct,,,2023-07-17T10:58:49Z,l.mitchell36@rgu.ac.uk
H405,4,IGB,Yellow,Yellow Teaching Room,Teaching,,,78,,Y,Yes,HDMI & VGA,,Projector,,Standard monitor,IP,Boundary,SDC-450,,,,,Correct,1 screen 1 projector,,2023-07-17T10:58:50Z,l.mitchell36@rgu.ac.uk
H407,4,IGB,Purple,Purple Teaching Room,Teaching,,,35,,Y,BYOD,HDMI & Screen share,,Touchscreen,,,USB - fixed,USB Boundary,,,,,,Correct,,,2023-05-30T13:20:16Z,l.mitchell36@rgu.ac.uk
H408,4,IGB,Yellow,Yellow Teaching Room,Teaching,,,37,,Y,Yes,HDMI,,Projector,,Standard monitor,WebCam,WebCam,,,,,,Correct,,,2023-07-17T10:58:52Z,l.mitchell36@rgu.ac.uk
H414/4,4,IGB,Yellow,Meeting Room,Meeting (School),SHS,standard signage (colour unknown),10,,,N/A,,,,,Standard monitor,,,,,,,,Correct,,,2023-07-17T10:58:52Z,l.mitchell36@rgu.ac.uk
H502,5,IGB,Yellow,Yellow Teaching Room,Teaching,,,50,,Y,Yes,HDMI & VGA,,Projector,,Standard monitor,IP,Boundary & lapel,,,,,,Correct,2 screen 2 projectors,,2023-07-17T10:58:53Z,l.mitchell36@rgu.ac.uk
H503,5,IGB,Purple,Purple Teaching Room,Teaching,,,35,,Y,BYOD,HDMI & Screen share,,Touchscreen,,,USB - fixed,USB Boundary,,,,,,Correct,,,2023-05-30T13:20:20Z,l.mitchell36@rgu.ac.uk
H504,5,IGB,Purple,Purple Teaching Room,Teaching,,,39,,Y,BYOD,HDMI & Screen share,,Touchscreen,,,USB - fixed,USB Boundary,,,,,,Correct,,,2023-05-30T13:20:20Z,l.mitchell36@rgu.ac.uk
H505,5,IGB,Yellow,Yellow Teaching Room,Teaching,,,54,,Y,Yes,HDMI & VGA,,Projector,,Standard monitor,IP,Boundary,,,,,,Correct,1 screen 1 projector,,2023-07-17T10:58:53Z,l.mitchell36@rgu.ac.uk
H506,5,IGB,Yellow,Yellow Teaching Room,Teaching,,,76,,Y,Yes,HDMI & VGA,,Projector,,Standard monitor,IP,Boundary,SDC-450,,,,,Correct,,,2023-07-17T10:58:55Z,l.mitchell36@rgu.ac.uk
H507,5,IGB,Purple,Purple Teaching Room,Teaching,,,27,,Y,BYOD,HDMI & Screen share,,Touchscreen,,,USB - fixed,USB Boundary,,,,,,Correct,,,2023-05-30T13:20:23Z,l.mitchell36@rgu.ac.uk
H508,5,IGB,Purple,Purple Teaching Room,Teaching,,,39,,Y,BYOD,HDMI & Screen share,,Touchscreen,,,USB - fixed,USB Boundary,,,,,,Correct,,,2023-05-30T13:20:23Z,l.mitchell36@rgu.ac.uk
H523,5,IGB,Yellow,Meeting Room,Meeting (School),SNMP,(Yellow Room) standard signage,8,,Y,Yes,HDMI & VGA,,Screen,,Standard monitor,WebCam,WebCam,,,,,,Correct,,,2023-07-17T10:58:56Z,l.mitchell36@rgu.ac.uk
H524,5,IGB,Yellow,Meeting Room,Meeting (School),SNMP,(Yellow Room) standard signage,8,,Y,Yes,HDMI & VGA,,Screen,,Standard monitor,WebCam,WebCam,,,,,,Correct,,,2023-07-17T10:58:58Z,l.mitchell36@rgu.ac.uk
H602,6,IGB,Yellow,Yellow Teaching Room,Teaching,,,51,,Y,Yes,HDMI & VGA,,Projector,,Standard monitor,IP,Lapel,SDC-450,,,,,Correct,,,2023-07-17T10:58:58Z,l.mitchell36@rgu.ac.uk
H603,6,IGB,Yellow,Yellow Teaching Room,Teaching,,,31,,Y,Yes,HDMI,,Projector,,Standard monitor,WebCam,WebCam,,,,,,Correct,,,2023-07-17T10:58:59Z,l.mitchell36@rgu.ac.uk
H604,6,IGB,Yellow,Yellow Teaching Room,Teaching,,,39,,Y,Yes,HDMI,,Projector,,Standard monitor,WebCam,WebCam,,,,,,Correct,,,2023-07-17T10:59:00Z,l.mitchell36@rgu.ac.uk
H605,6,IGB,Yellow,Yellow Teaching Room,Teaching,,,55,,Y,Yes,HDMI & VGA,,Projector,,Standard monitor,IP,Lapel,SDC-450,,,,,Correct,,,2023-07-17T10:59:01Z,l.mitchell36@rgu.ac.uk
H606,6,IGB,Yellow,Yellow Teaching Room,Teaching,,,39,,Y,Yes,HDMI & VGA,,Projector,,Standard monitor,IP,Boundary,SDC-450,,,,,Correct,,,2023-07-17T10:59:02Z,l.mitchell36@rgu.ac.uk
H607,6,IGB,Purple,Purple Teaching Room,Teaching,,,39,,Y,BYOD,HDMI & Screen share,,Touchscreen,,,USB - fixed,USB Boundary,,,,,,Correct,,,2023-05-30T13:20:27Z,l.mitchell36@rgu.ac.uk
H608,6,IGB,Purple,Purple Teaching Room,Teaching,,,39,,Y,BYOD,HDMI & Screen share,,Touchscreen,,,USB - fixed,USB Boundary,,,,,,Correct,,,2023-05-30T13:20:27Z,l.mitchell36@rgu.ac.uk
H609,6,IGB,Yellow,Yellow Teaching Room,Teaching,,,27,,Y,Yes,HDMI,,Projector,,Standard monitor,WebCam,WebCam,,,,,,Correct,,,2023-07-17T10:59:04Z,l.mitchell36@rgu.ac.uk
H621,6,IGB,Green,Meeting Room,Meeting (School),SASS,(Green Room) standard signage. ADD TO CELCAT,4,,,BYOD,HDMI,,Screen,,,USB - conference,USB - conference,,,,,,Correct,,,2023-06-06T14:54:52Z,l.mitchell36@rgu.ac.uk
H623,6,IGB,Green,Meeting Room,Meeting (School),SASS,(Green Room) standard signage. ADD TO CELCAT,4,,,BYOD,HDMI,,Screen,,,USB - conference,USB - conference,,,,,,Correct,,,2023-06-06T14:54:53Z,l.mitchell36@rgu.ac.uk
H624,6,IGB,Green,Meeting Room,Meeting (School),SASS,(Green Room) standard signage. ADD TO CELCAT,4,,,BYOD,HDMI,,Screen,,,USB - conference,USB - conference,,,,,,Correct,,,2023-06-06T14:54:54Z,l.mitchell36@rgu.ac.uk
H625,6,IGB,Green,Meeting Room,Meeting (School),SASS,,5,,,BYOD,HDMI,,Screen,,,USB - conference,USB - conference,,,,,,Correct,,,2023-06-06T14:54:55Z,l.mitchell36@rgu.ac.uk
H626,6,IGB,Green,Meeting Room,Meeting (School),SASS,(Green Room) standard signage. ADD TO CELCAT,4,,,BYOD,HDMI,,Screen,,,USB - conference,USB - conference,,,,,,Correct,,,2023-06-06T14:55:01Z,l.mitchell36@rgu.ac.uk
H628,6,IGB,Specialist,Psychology Lab,Specialist Activities,SASS,"(Purple Room) 20 PCS, 12 Meeting table",32,,,BYOD,HDMI & Screen share,,Touchscreen,,,USB - fixed,USB Boundary,,,,,,Correct,,,2023-06-06T14:55:02Z,l.mitchell36@rgu.ac.uk
H629,6,IGB,Yellow,Yellow Teaching Room,Teaching,,,54,,,Yes,HDMI & VGA,,Projector,,Standard monitor,IP,Boundary,SDC-450,,,,,Correct,,,2023-07-17T10:59:04Z,l.mitchell36@rgu.ac.uk
IC118a,1,ICRGU,Blue,Blue Teaching Room,Teaching (School),ICRGU,ICRGU branding,12,,Y,Yes,HDMI & VGA,,Projector,,Touchscreen monitor (podium),WebCam,WebCam,SDC-330,,,,,Correct,,,2023-07-17T10:57:18Z,l.mitchell36@rgu.ac.uk
IC118b,1,ICRGU,Purple,Purple Teaching Room,Teaching (School),ICRGU,ICRGU branding,20,,Y,Yes,HDMI & VGA,,Projector,,,WebCam,WebCam,,,,,,Correct,,,2023-05-30T13:20:29Z,l.mitchell36@rgu.ac.uk
IC120a,1,ICRGU,Blue,Blue Teaching Room,Teaching (School),ICRGU,ICRGU branding,16,,Y,Yes,HDMI & VGA,,Projector,,Touchscreen monitor (podium),WebCam,WebCam,,,,,,Correct,,,2023-07-17T10:57:18Z,l.mitchell36@rgu.ac.uk
IC120b,1,ICRGU,Purple,Purple Teaching Room,Teaching (School),ICRGU,ICRGU branding,16,,Y,Yes,HDMI & VGA,,Projector,,,WebCam,WebCam,,,,,,Correct,,,2023-05-30T13:20:35Z,l.mitchell36@rgu.ac.uk
IC121,1,ICRGU,Blue,Blue IT Lab,IT Lab (School),ICRGU,ICRGU branding,30,,,Yes,HDMI & VGA,,Projector,,Touchscreen monitor (podium),WebCam,WebCam,,,,,,,,,2023-07-17T10:57:19Z,l.mitchell36@rgu.ac.uk
IC123,1,ICRGU,Blue,Blue Teaching Room,Teaching (School),ICRGU,ICRGU branding,,,,Yes,HDMI & VGA,,Projector,,Touchscreen monitor (podium),WebCam,WebCam,,,,,,,,,2023-07-17T10:57:21Z,l.mitchell36@rgu.ac.uk
IC124,1,ICRGU,Blue,Blue Teaching Room,Teaching (School),ICRGU,ICRGU branding,35,,Y,Yes,HDMI & VGA,,Projector,,Touchscreen monitor (podium),WebCam,WebCam,,,,,,,,,2023-07-17T10:57:23Z,l.mitchell36@rgu.ac.uk
IC215,2,ICRGU,Yellow,DELTA Office,Staff Office,DELTA,,14,,Y,Yes,HDMI & VGA,,Projector,Screen,Standard monitor,IP,Boundary,SDC-450,,,,,,Requires new signage - Staff offices,,2023-07-17T10:59:05Z,l.mitchell36@rgu.ac.uk
IC219,2,ICRGU,Purple,Meeting Room,Meeting,ITS/DELTA,,12,,Y,Yes,HDMI & VGA,,Screen,,,WebCam,WebCam & boundary,,Cisco 7937,,,,,,,2023-05-30T11:18:59Z,l.mitchell36@rgu.ac.uk
IC220,2,ICRGU,Yellow,Meeting Room,Meeting,ITS/DELTA,,4,,Y,Yes,HDMI,,Screen,,Standard monitor,WebCam,WebCam,,Cisco 8831,,,,,,,2023-07-17T10:59:07Z,l.mitchell36@rgu.ac.uk
Main Atrium,3,SIWB,,,,,,,https://www.barbourproductsearch.info/GordonsUni1IMAGE-file065972.jpg,,,,,,,,,,,,,,,,,,,
N105,1,SIWB,Yellow,Yellow Teaching Room,Teaching,,,31,,Y,Yes,HDMI,,Projector,,Standard monitor,IP,Boundary,SDC-330,,,,,,,,2023-07-17T10:59:08Z,l.mitchell36@rgu.ac.uk
N106,1,SIWB,Yellow,Yellow Teaching Room,Teaching,,,33,,Y,Yes,HDMI,,Projector,,Standard monitor,IP,Boundary,SDC-330,,,,,,,,2023-07-17T10:59:09Z,l.mitchell36@rgu.ac.uk
N107,1,SIWB,Yellow,Yellow Teaching Room,Teaching,,,32,,Y,Yes,HDMI,,Projector,,Standard monitor,IP,Boundary,SDC-330,,,,,,,,2023-07-17T10:59:10Z,l.mitchell36@rgu.ac.uk
N108,1,SIWB,Yellow,Yellow Teaching Room,Teaching,,,31,,Y,Yes,HDMI,,Projector,,Standard monitor,IP,Boundary,SDC-330,,,,,,,,2023-07-17T10:59:10Z,l.mitchell36@rgu.ac.uk
N117,1,SIWB,Yellow,Yellow Lecture Theatre,Teaching ,,,100,,,Yes,HDMI,,Projector,Interactive monitor,Standard monitor,IP,Boundary & lapel,SDC-330,,,,,,,,2023-07-17T10:59:11Z,l.mitchell36@rgu.ac.uk
N118,1,SIWB,Yellow,Yellow Lecture Theatre,Teaching ,,,80,,,Yes,HDMI,,Projector,Interactive monitor,Standard monitor,IP,Boundary & lapel,SDC-330,,,,,,,,2023-07-17T10:59:12Z,l.mitchell36@rgu.ac.uk
N122,1,SIWB,Specialist,Biomedical Lab,Specialist lab,ENG,,4,,,N/A,,,,,,,,,,,,,,,,2023-05-30T11:18:39Z,l.mitchell36@rgu.ac.uk
N123,1,SIWB,Specialist,Raman UV Laser ,Specialist lab,ENG,,4,,,N/A,,,,,,,,,,,,,,,,2023-05-30T11:18:40Z,l.mitchell36@rgu.ac.uk
N124,1,SIWB,Specialist,Photocatalysis Lab ,Specialist lab,ENG,,3,,,N/A,,,,,,,,,,,,,,,,2023-05-30T11:18:40Z,l.mitchell36@rgu.ac.uk
N125,1,SIWB,Specialist,Diode Laser Lab,Specialist lab,ENG,,4,,,N/A,,,,,,,,,,,,,,,,2023-05-30T11:18:40Z,l.mitchell36@rgu.ac.uk
N126,1,SIWB,Specialist,Wet Chemistry Lab,Specialist lab,ENG,,6,,,N/A,,,,,,,,,,,,,,,,2023-05-30T11:18:40Z,l.mitchell36@rgu.ac.uk
N127,1,SIWB,Specialist,OPO Laser Lab,Specialist lab,ENG,,4,,,N/A,,,,,,,,,,,,,,,,2023-05-30T11:18:40Z,l.mitchell36@rgu.ac.uk
N128,1,SIWB,Specialist,Environmental Analysis Lab,Specialist lab,ENG,,6,,,N/A,,,,,,,,,,,,,,,,2023-05-30T11:18:40Z,l.mitchell36@rgu.ac.uk
N204,2,SIWB,Yellow,Conference Suite,Meeting,,(Yellow Room) Standard signage ,30,,Y,Yes,HDMI & VGA,,Projector,,Standard monitor,IP,Boundary & lapel,,,,,,,,,2023-07-17T10:59:14Z,l.mitchell36@rgu.ac.uk
N219,2,SIWB,,Costa Coffee,Food & Drink,,,,,,,,,,,,,,,,,,,,,,,
N221,2,SIWB,,Jamie Oliver's Deli,Food & Drink,,,,,,,,,,,,,,,,,,,,,,,
N237,2,SIWB,,POCO Roast Coffee,Food & Drink,,,,,,,,,,,,,,,,,,,,,,,
N228,2,SIWB,Specialist,DART,Specialist Activities,ENG,(Yellow),16,,,Yes,HDMI & VGA,,Projector,,,IP,USB Boundary,SDC-330,,,,,,,,2023-05-30T11:18:40Z,l.mitchell36@rgu.ac.uk
N240,2,SIWB,NA,Back Atrium,Atrium,,Standard signage - bookable for teaching/assessments,50,,,N/A,,,,,,,,,,,,,,,,2023-05-30T11:19:22Z,l.mitchell36@rgu.ac.uk
N242,2,SIWB,Yellow,Yellow Lecture Theatre,Teaching ,,,175,,,Yes,HDMI & VGA,,Projector,Interactive monitor,Standard monitor,IP,Boundary & lapel,SDC-330,,,Summer 2023,High,Updating,Upgrade to Blue,r.pearce@rgu.ac.uk,2023-07-17T10:59:14Z,l.mitchell36@rgu.ac.uk
N247,2,SIWB,Yellow,Meeting Room,Meeting,Estates,,4,,Y,Yes,HDMI & VGA,,Screen,,Standard monitor,WebCam,WebCam & boundary,,Cisco 8831,,Summer 2023,Low,Updating,Remaining Yellow,r.pearce@rgu.ac.uk,2023-07-17T10:59:15Z,l.mitchell36@rgu.ac.uk
N249,2,SIWB,Specialist,Engineering Lab,Specialist lab,ENG,,121,,,N/A,,,,,,,,,,,,,,,,2023-05-30T11:18:40Z,l.mitchell36@rgu.ac.uk
N249a,2,SIWB,Specialist,Welding Lab,Specialist lab,ENG,,13,,,N/A,,,,,,,,,,,,,,,,2023-05-30T11:18:40Z,l.mitchell36@rgu.ac.uk
N249g,2,SIWB,Specialist,Workshop,Specialist Activities,ENG,,,,,N/A,,,,,,,,,,,,,,,,2023-05-30T11:18:40Z,l.mitchell36@rgu.ac.uk
N252,2,SIWB,Specialist,Petroleum Engineering Lab,Specialist lab,ENG,UG Projects,7,,,N/A,,,,,,,,,,,,,,,,2023-05-30T11:18:40Z,l.mitchell36@rgu.ac.uk
N253,2,SIWB,Yellow,Yellow IT Lab,IT Lab (School),ENG,,53,,,Yes,HDMI & VGA,,Projector,Projector x2,Standard monitor,IP,Boundary,,,,Summer 2023,High,Updating,Upgrade to Purple,r.pearce@rgu.ac.uk,2023-07-17T10:59:15Z,l.mitchell36@rgu.ac.uk
N303,3,SIWB,NA,Amphitheatre,Amphitheatre,,Standard signage - bookable for teaching/assessments,165,,,Yes,Clickshare & HDMI,,Projector,,,Not Required,Lapel & stick,,,,,,,,,2023-05-30T11:19:25Z,l.mitchell36@rgu.ac.uk
N309,3,SIWB,Blue,Blue Teaching Room,Teaching,,,84,,Y,Yes,HDMI & VGA,,Projector,Projector x2,Touchscreen monitor (podium),IP,Boundary & lapel,SDC-330,,,,,,,,2023-07-17T10:57:23Z,l.mitchell36@rgu.ac.uk
N310,3,SIWB,Blue,Blue Teaching Room,Teaching,,,40,,Y,Yes,HDMI & VGA,,Projector,,Touchscreen monitor (podium),IP,Boundary & lapel,SDC-330,,,,,,,,2023-07-17T10:57:24Z,l.mitchell36@rgu.ac.uk
N311,3,SIWB,Blue,Blue Teaching Room,Teaching,,,61,,Y,Yes,HDMI & VGA,,Projector,Projector x2,Touchscreen monitor (podium),IP,Boundary & lapel,SDC-330,,,,,,,,2023-07-17T10:57:25Z,l.mitchell36@rgu.ac.uk
N317,3,SIWB,Yellow,Yellow Teaching Room,Teaching,,,20,,Y,Yes,HDMI & VGA,,Projector,,Standard monitor,IP,Boundary,SDC-330,,,Summer 2023,Medium,Updating,Upgrade to Blue,r.pearce@rgu.ac.uk,2023-07-17T10:59:18Z,l.mitchell36@rgu.ac.uk
N318,3,SIWB,Yellow,Electrical Power Teaching Lab,Specialist lab,ENG,,24,,,Yes,HDMI & VGA,,Projector,,Standard monitor,IP,Lapel,,,,,,,,,2023-07-17T10:59:19Z,l.mitchell36@rgu.ac.uk
N325,3,SIWB,Yellow,Flexible Learning Lab,Specialist lab,ENG,,60,,,Yes,HDMI,,Projector,,Standard monitor,IP,Boundary,SDC-330,,,,,,,,2023-07-17T10:59:20Z,l.mitchell36@rgu.ac.uk
N327,3,SIWB,Specialist,Teams Lab,Specialist Activities,ENG,,,,,N/A,,,,,,,,,,,,,,,,2023-05-30T11:18:41Z,l.mitchell36@rgu.ac.uk
N328a,3,SIWB,Yellow,PCB Manufacture Lab,Specialist lab,ENG,,,,,Yes,HDMI & VGA,,Projector,,Standard monitor,Not Required,Boundary,SDC-330,,,,,,,,2023-07-17T10:59:21Z,l.mitchell36@rgu.ac.uk
N328b,3,SIWB,Yellow,PCB Manufacture Lab,Specialist lab,ENG,,,,,Yes,HDMI & VGA,,Projector,,Standard monitor,IP,Boundary,SDC-330,,,,,,,,2023-07-17T10:59:21Z,l.mitchell36@rgu.ac.uk
N329,3,SIWB,Purple,Meeting Room,Meeting (School),SOC,(Purple) standard signage,14,,,Yes,HDMI,,Touchscreen,,,USB,Boundary & lapel,,,,,,,,,2023-05-30T11:18:59Z,l.mitchell36@rgu.ac.uk
N331,3,SIWB,Blue,Blue IT Lab,IT Lab (School),ENG,,52,,,Yes,HDMI & VGA,,Projector,Projector,Touchscreen monitor (podium),IP,Boundary,,,,,,,,,2023-07-17T10:57:26Z,l.mitchell36@rgu.ac.uk
N332,3,SIWB,Yellow,Meeting Room,Meeting (School),SOC,,8,,Y,N/A,,,,,Standard monitor,USB,,,,,,,,,,2023-07-17T10:59:22Z,l.mitchell36@rgu.ac.uk
N336,3,SIWB,Yellow,Meeting Room,Meeting,,(Yellow Room) standard signage,20,,Y,Yes,HDMI & VGA,,Projector,,Standard monitor,IP,Boundary,,Cisco 7937,,Summer 2023,Medium,Correct,Remaining Yellow,r.pearce@rgu.ac.uk,2023-07-17T10:59:23Z,l.mitchell36@rgu.ac.uk
N339,3,SIWB,Yellow,Yellow IT Lab,IT Lab,,PC Lab,26,,Y,Yes,HDMI & VGA,,Projector,Projector,Standard monitor,IP,Boundary,,,,Summer 2023,Medium,Updating,Upgrade to Blue,r.pearce@rgu.ac.uk,2023-07-17T10:59:24Z,l.mitchell36@rgu.ac.uk
N340,3,SIWB,Yellow,Yellow IT Lab,IT Lab,,PC Lab,50,,Y,Yes,HDMI & VGA,,Projector,Projector x3,Standard monitor,IP,Boundary,,,,Summer 2023,Medium,Updating,Upgrade to Blue,r.pearce@rgu.ac.uk,2023-07-17T10:59:25Z,l.mitchell36@rgu.ac.uk
N341,3,SIWB,Yellow,Yellow IT Lab,IT Lab,,PC Lab,50,,Y,Yes,HDMI & VGA,,Projector,Projector x2,Standard monitor,IP,Boundary,,,,Summer 2023,Medium,Updating,Upgrade to Blue,r.pearce@rgu.ac.uk,2023-07-17T10:59:27Z,l.mitchell36@rgu.ac.uk
N342,3,SIWB,Yellow,Innovation Station,Seminar,EIG,(Yellow),60,,,Yes,HDMI & VGA,,Projector,Projector,Standard monitor,webCam,Lapel,SDC-330,,,,,,,,2023-07-17T10:59:27Z,l.mitchell36@rgu.ac.uk
N344,3,SIWB,Yellow,Yellow Teaching Room,Teaching,,,67,,Y,Yes,HDMI & VGA,,Projector,,Standard monitor,IP,Boundary & lapel,SDC-330,,,,,,,,2023-07-17T10:59:28Z,l.mitchell36@rgu.ac.uk
N345,3,SIWB,Yellow,Yellow Teaching Room,Teaching,,,60,,,Yes,HDMI & VGA,,Projector,,Standard monitor,IP,Boundary,SDC-330,,,,,,,,2023-07-17T10:59:28Z,l.mitchell36@rgu.ac.uk
N346,3,SIWB,Yellow,Meeting Room,Meeting,,(Yellow Room) standard signage,20,,,Yes,HDMI & VGA,,Projector,,Standard monitor,Webcam,Lapel,,Cisco 7937,,Summer 2023,Low,Correct,Remaining Yellow,r.pearce@rgu.ac.uk,2023-07-17T10:59:29Z,l.mitchell36@rgu.ac.uk
N402,4,SIWB,Yellow,Composite & Dynamics Control Teaching Lab,IT Lab (School),ENG,,14,,Y,Yes,HDMI & VGA,,Projector,,Standard monitor,IP,,,,,,,,,,2023-07-17T10:59:30Z,l.mitchell36@rgu.ac.uk
N403,4,SIWB,Purple,Purple IT Lab,IT Lab (School),ENG,,20,,Y,Yes,HDMI & VGA,,Projector,Projector,,IP,Boundary,SDC-330,,,,,,,,2023-05-30T11:18:59Z,l.mitchell36@rgu.ac.uk
N405,4,SIWB,Yellow,Processing & Membranes Lab,Specialist Lab,ENG,,24,,,Yes,HDMI & VGA,,Projector,,Standard monitor,IP,Lapel,,,,,,,,,2023-07-17T10:59:31Z,l.mitchell36@rgu.ac.uk
N407,4,SIWB,Specialist,Robotics Lab,IT Lab (School),ENG,(Yellow),20,,,Yes,HDMI & VGA,,Projector,Interactive monitor,,IP,Lapel,SDC-330,,,Summer 2023,Medium,,Room Name Change - new signage needed - not yet actioned,r.pearce@rgu.ac.uk,2023-06-06T15:51:50Z,l.mitchell36@rgu.ac.uk
N410,4,SIWB,Specialist,Engineering Teaching,Teaching (School),ENG,(Yellow),20,,Y,Yes,HDMI & VGA,,Projector,Interactive monitor,,IP,Lapel,SDC-330,,,Summer 2023,Medium,Correct,,r.pearce@rgu.ac.uk,2023-06-06T15:51:52Z,l.mitchell36@rgu.ac.uk
N411,4,SIWB,Specialist,Engineering Teaching,Teaching (School),ENG,(Yellow),20,,Y,Yes,HDMI,,Projector,,,IP,Lapel,SDC-330,,,Summer 2023,Medium,Correct,,r.pearce@rgu.ac.uk,2023-06-06T15:51:53Z,l.mitchell36@rgu.ac.uk
N413,4,SIWB,Specialist,Materials NDT Lab,Specialist Lab,ENG,,3,,,N/A,,,,,,,,,,,,,,,,2023-05-30T11:18:41Z,l.mitchell36@rgu.ac.uk
N414,4,SIWB,Specialist,EE Project Lab,Specialist Lab,ENG,(Purple) ,20,,,Yes,HDMI,,Projector,,,IP,Lapel,SDC-330,,,,,,,,2023-05-30T11:18:41Z,l.mitchell36@rgu.ac.uk
N415,4,SIWB,Specialist,Materials Lab,Specialist Lab,ENG,,17,,,N/A,,,,,,,,,,,,,,,,2023-05-30T11:18:41Z,l.mitchell36@rgu.ac.uk
N416,4,SIWB,Specialist,Electronics Teaching Lab,IT Lab (School),ENG,(Blue) ,35,,,Yes,HDMI & VGA,,Projector,Projector,,IP,Boundary,SDC-330,,,,,,,,2023-05-30T11:18:41Z,l.mitchell36@rgu.ac.uk
N419,4,SIWB,Specialist,Microcontroller Lab,IT Lab (School),ENG,(Blue),32,,,Yes,HDMI & VGA,,Projector,Projector,,IP,Boundary,SDC-330,,,,,,,,2023-05-30T11:18:41Z,l.mitchell36@rgu.ac.uk
N424,4,SIWB,Specialist,CISCO Lab,Specialist Lab,ENG,,36,,,Yes,HDMI & VGA,,Projector,Projector,,WebCam,WebCam & boundary,SDC-330,,,,,,,,2023-05-30T11:18:41Z,l.mitchell36@rgu.ac.uk
N440,4,SIWB,Yellow,Meeting Room,Meeting,SOC,,6,,,N/A,,,,,Standard monitor,,,,,,,,,,,2023-07-17T10:59:32Z,l.mitchell36@rgu.ac.uk
N442,4,SIWB,Yellow,Meeting Room,Meeting (School),ENG,(Yellow),4,,Y,Yes,HDMI & VGA,,Screen,,Standard monitor,WebCam,WebCam,,Cisco 7937,,,,,,,2023-07-17T10:59:34Z,l.mitchell36@rgu.ac.uk
N443,4,SIWB,Yellow,Meeting Room,Meeting (School),ENG,(Yellow),3,,,Yes,HDMI & VGA,,Screen,,Standard monitor,WebCam,Webcam & boundary,,,,,,,,,2023-07-17T10:59:35Z,l.mitchell36@rgu.ac.uk
N445,4,SIWB,Yellow,Meeting Room,Meeting (School),ENG,(Yellow),11,,Y,Yes,HDMI & VGA,,Projector,,Standard monitor,Webcam,Lapel,,,,,,,,,2023-07-17T10:59:36Z,l.mitchell36@rgu.ac.uk
N447c,4,SIWB,Yellow,Meeting Room,Meeting (School),ENG,(Yellow),6,,Y,Yes,HDMI & VGA,,Screen,,Standard monitor,WebCam,WebCam,,,,,,,,,2023-07-17T10:59:36Z,l.mitchell36@rgu.ac.uk
N455,4,SIWB,Yellow,Meeting Room,Meeting (School),ENG,(Yellow),3,,Y,Yes,HDMI & VGA,,Screen,,Standard monitor,WebCam,WebCam,,,,,,,,,2023-07-17T10:59:37Z,l.mitchell36@rgu.ac.uk
N501,5,SIWB,Specialist,Pharmacy Simulation Centre,Specialist Lab,PALS,(Yellow),35,,Y,Yes,HDMI & VGA,,Screen,Screen x5,,Not Required,Lapel,,,,Summer 2023,Medium,Correct,,r.pearce@rgu.ac.uk,2023-06-06T15:51:54Z,l.mitchell36@rgu.ac.uk
N501a,5,SIWB,Specialist,Pharmacy Simulation Centre,Specialist Lab,PALS,,6,,,N/A,,,,,,,,,,,,,,,,2023-05-30T11:18:41Z,l.mitchell36@rgu.ac.uk
N502,5,SIWB,Specialist,Pharmaceutics Lab,Specialist Lab,PALS,(Green),70,,,Yes,HDMI & VGA,,Screen,Screen x8,,Not Required,Lapel,,,,,,,,,2023-05-30T11:18:42Z,l.mitchell36@rgu.ac.uk
N502a,5,SIWB,Specialist,Tabletting Suite,Specialist Lab,PALS,,6,,,N/A,,,,,,,,,,,,,,,,2023-05-30T11:18:42Z,l.mitchell36@rgu.ac.uk
N508,5,SIWB,Specialist,Biomedical Science Lab,Specialist Lab,PALS,(Yellow),70,,,Yes,HDMI & VGA,,Screen,Screen x13,,Not Required,Lapel,SDC-330,,,Summer 2023,Medium,Correct,,r.pearce@rgu.ac.uk,2023-06-06T15:51:55Z,l.mitchell36@rgu.ac.uk
N512,5,SIWB,Specialist,DNA Analysis Lab,Specialist Lab,PALS,,6,,,N/A,,,,,,,,,,,,,,,,2023-05-30T11:18:42Z,l.mitchell36@rgu.ac.uk
N515,5,SIWB,Specialist,Forensic Imaging Lab,Specialist Lab,PALS,(Green),24,,,BYOD,HDMI & VGA,,Screen,,,Not Required,,,,,,,,,,2023-06-06T14:55:03Z,l.mitchell36@rgu.ac.uk
N515a,5,SIWB,Specialist,SEM Lab,Specialist Lab,PALS,,6,,,N/A,,,,,,,,,,,,,,,,2023-05-30T11:18:42Z,l.mitchell36@rgu.ac.uk
N515b,5,SIWB,Specialist,Forensics Imaging Dark Room,Specialist Lab,PALS,,2,,,N/A,,,,,,,,,,,,,,,,2023-05-30T11:18:42Z,l.mitchell36@rgu.ac.uk
N519/N523,5,SIWB,Specialist,Spec IT Lab,IT Lab (School),SOC,(Green) School only use,36,,,Yes,HDMI & VGA,,Projector,Screen,,IP,Lapel,SDC-330,,,,,,,,2023-05-30T11:18:42Z,l.mitchell36@rgu.ac.uk
N525,5,SIWB,Specialist,Project IT Lab,IT Lab (School),SOC,,30,https://www.rgu.ac.uk/images/stories/flexicontent/mediaman/s_Apple-Mac-Lab1201-ZF-9537-66107-1-005.jpg,,Mac,HDMI & VGA,,Projector,,,IP,Lapel,SDC-330,,,,,,,,2023-05-30T11:18:42Z,l.mitchell36@rgu.ac.uk
N526,5,SIWB,Specialist,Usability Lab,IT Lab (School),SOC,,8,,,N/A,,,,,,Not required,,,,,,,,,,2023-05-30T11:18:42Z,l.mitchell36@rgu.ac.uk
N527,5,SIWB,Specialist,CAD IT Lab,IT Lab (School),SOC,(Yellow),30,,,Yes,HDMI & VGA,,Projector,,,USB,Boundary,SDC-330,,,,,,,,2023-05-30T11:18:42Z,l.mitchell36@rgu.ac.uk
N528,5,SIWB,Specialist,Post Graduate Computing Lab,IT Lab (School),SOC,(Yellow),30,,,Yes,HDMI,,Projector,,,IP,Boundary & lapel,SDC-330,,,,,,,,2023-05-30T11:18:43Z,l.mitchell36@rgu.ac.uk
N529,5,SIWB,Specialist,Post Graduate Computing Lab,IT Lab (School),SOC,(Yellow),30,,,Yes,HDMI,,Projector,,,IP,Boundary,SDC-330,,,,,,,,2023-05-30T11:18:43Z,l.mitchell36@rgu.ac.uk
N530,5,SIWB,Specialist,Multimedia Computer Lab,IT Lab (School),SOC,(Yellow) 50 PCS,50,,,Yes,HDMI & VGA,,Projector,Projector,,IP,Boundary,SDC-330,,,,,,,,2023-05-30T11:18:43Z,l.mitchell36@rgu.ac.uk
N533,5,SIWB,Specialist,Foundation Year Computer Lab,IT Lab (School),SOC,(Yellow) 116 PCS,116,https://external-content.duckduckgo.com/iu/?u=https%3A%2F%2Ftse4.mm.bing.net%2Fth%3Fid%3DOIP.XtD6uHN9XALt5vz7A2ooZAHaE8%26pid%3DApi&f=1&ipt=0e7ab27e7c71508ada75b4d37ee3f0ba27baee76f31092f558d74de993a7a76e&ipo=images,Y,Yes,HDMI & VGA,,Projector,Projector x4 & Screen x2,,IP,Lapel,SDC-330,,,Summer 2023,Medium,Correct,,r.pearce@rgu.ac.uk,2023-06-06T15:51:56Z,l.mitchell36@rgu.ac.uk
N533a,5,SIWB,Specialist,Booth,Specialist Activities,SOC,Booth within Video Lab,2,,,N/A,,,,,,,,,,,,,,,,2023-05-30T11:18:39Z,l.mitchell36@rgu.ac.uk
N537,5,SIWB,Yellow,Video Call Room,Teaching ,GS,(Yellow) standard signage,12,,,Yes,HDMI & VGA,,Screen,,Standard monitor,WebCam,WebCam & boundary,,Cisco 7937,,,,,ADD TO CELCAT,,2023-07-17T10:59:38Z,l.mitchell36@rgu.ac.uk
N548c,5,SIWB,Yellow,Meeting Room,Meeting (School),PALS,,3,,Y,N/A,,,,,Standard monitor,,,,,,,,,,,2023-07-17T10:59:39Z,l.mitchell36@rgu.ac.uk
N548u,5,SIWB,Yellow,Meeting Room,Meeting (School),PALS,(Yellow) standard signage,4,,Y,Yes,HDMI & VGA,,Screen,,Standard monitor,WebCam,WebCam & boundary,,Cisco 7937,,,,,ADD TO CELCAT,,2023-07-17T10:59:40Z,l.mitchell36@rgu.ac.uk
N550a,5,SIWB,White,Meeting Room,Meeting (School),Library,,3,,,N/A,,,,,,,,,,,,,,,,2023-05-30T11:18:15Z,l.mitchell36@rgu.ac.uk
N550d,5,SIWB,Purple,Meeting Room,Meeting (School),Library,,20,,Y,Yes,HDMI & VGA,,Projector,,,Not Required,Boundary,,,,,,,ADD TO CELCAT,,2023-05-30T11:19:02Z,l.mitchell36@rgu.ac.uk
N601,6,SIWB,Specialist,Analytical Chemistry Lab,Specialist Lab,PALS,,70,,,N/A,,,,,,,,,,,,,,,,2023-05-30T11:18:39Z,l.mitchell36@rgu.ac.uk
N602,6,SIWB,Specialist,Biomedical Science Lab,Specialist Lab,PALS,(Yellow),70,,,Yes,HDMI & VGA,,Screen,Screen x3,,Not Required,Lapel,SDC-330,,,Summer 2023,Low,Correct,,r.pearce@rgu.ac.uk,2023-06-06T15:51:56Z,l.mitchell36@rgu.ac.uk
N604/N607,6,SIWB,Specialist,Chemistry Lab,Specialist Lab,PALS,(Yellow),70,,,Yes,HDMI & VGA,,Screen,Screen x6,,Not Required,Lapel,SDC-330,,,,,,,,2023-05-30T11:18:39Z,l.mitchell36@rgu.ac.uk
N612,6,SIWB,Specialist,Food Handling Lab,Specialist Lab,PALS,(Green),24,,,BYOD,HDMI & VGA,,Projector,,,Not Required,,,,,,,,,,2023-06-06T14:55:04Z,l.mitchell36@rgu.ac.uk
N613,6,SIWB,Specialist,Cell Culture / Sterile Products Suite,Specialist Lab,PALS,,,,,N/A,,,,,,,,,,,,,,,,2023-05-30T11:18:39Z,l.mitchell36@rgu.ac.uk
N616,6,SIWB,Specialist,Synthetic Medicinal Chemical Research Lab,Specialist Lab,PALS,,3,,,N/A,,,,,,,,,,,,,,,,2023-05-30T11:18:39Z,l.mitchell36@rgu.ac.uk
N619,6,SIWB,Specialist,Analytical Chemistry Research Lab,Specialist Lab,PALS,,2,,,N/A,,,,,,,,,,,,,,,,2023-05-30T11:18:39Z,l.mitchell36@rgu.ac.uk
N634,6,SIWB,Specialist,Cell Culture Lab,Specialist Lab,PALS,,2,,,N/A,,,,,,,,,,,,,,,,2023-05-30T11:18:39Z,l.mitchell36@rgu.ac.uk
N900a,9,SIWB,Purple,Group Work Space,Teaching (School),Library,,6,,,N/A,,,,,,,,,,,,,,ADD TO CELCAT,,2023-05-30T11:19:02Z,l.mitchell36@rgu.ac.uk
N900d,9,SIWB,Purple,Group Work Space,Teaching (School),Library,,4,,,Yes,HDMI & Clevershare,,Touchscreen,,,Webcam,,,,,,,,(PC built into screen),,2023-05-30T11:19:02Z,l.mitchell36@rgu.ac.uk
NS107,1,SIWB,Specialist,Environmental Lab,Specialist Lab,SSS,(Green Room),,,,BYOD,,,,,,,,,,,,,,,,2023-06-06T14:55:05Z,l.mitchell36@rgu.ac.uk
NS115,1,SIWB,Yellow,Yellow IT Lab,IT Lab (School),SSS,Architecture IT Lab,50,,,Yes,HDMI & VGA,,Projector,Projector,Standard monitor,WebCam,WebCam,SDC-450,,,,,,,,2023-07-17T10:59:41Z,l.mitchell36@rgu.ac.uk
NS125,1,SIWB,Specialist,Workshop,Workshop,SSS,Workshop / Construction area,15,,,N/A,,,,,,,,,,,,,,,,2023-05-30T11:18:39Z,l.mitchell36@rgu.ac.uk
NS208,2,SIWB,Yellow,Studio (Architecture 5-6),Teaching (School),SSS,Stage 5-6,72,,Y,Yes,HDMI & VGA,,Projector,Projector x2,Standard monitor,WebCam,WebCam & Lapel,SDC-450,,,,,,,,2023-07-17T10:59:42Z,l.mitchell36@rgu.ac.uk
NS311a/b,3,SIWB,Yellow,Meeting Room,Meeting,SSS,(Yellow Room) standard signage,16,,Y,Yes,HDMI & VGA,,Projector,Projector,Standard monitor,Webcam x2,,,Cisco 8831,,,,,,,2023-07-17T10:59:43Z,l.mitchell36@rgu.ac.uk
NS324,3,SIWB,Blue,Studio,Teaching (School),SSS,,30,,Y,Yes,HDMI & VGA,,Projector,Projector,Touchscreen monitor (podium),WebCam,WebCam & Lapel,SDC-450,,,,,,colour check - school things should be blue,,2023-07-17T10:57:26Z,l.mitchell36@rgu.ac.uk
NS325,3,SIWB,Yellow,Post Graduate Studio,Teaching (School),SSS,Post Graduate Base,21,,Y,Yes,HDMI & VGA,,Projector,,Standard monitor,WebCam,WebCam & Lapel,SDC-450,,,,,,,,2023-07-17T10:59:43Z,l.mitchell36@rgu.ac.uk
NS326,3,SIWB,Yellow,Studio,Teaching (School),SSS,,34,,Y,Yes,HDMI & VGA,,Projector,Projector,Standard monitor,WebCam,WebCam & Lapel,SDC-450,,,,,,,,2023-07-17T10:59:44Z,l.mitchell36@rgu.ac.uk
NS401,4,SIWB,Blue,Studio (Architecture 1-4),Teaching (School),SSS,Stage 1-4,115,,Y,Yes,HDMI & VGA,,Projector,Projector x2,Touchscreen monitor (podium),WebCam x2,WebCam & Lapel,SDC-450,,,,,,colour check - school things should be blue,,2023-07-17T10:57:28Z,l.mitchell36@rgu.ac.uk
NS402,4,SIWB,Blue,IT Suite,IT Lab (School),SSS,Groupwork / independent study,10,,,Yes,,,,,Touchscreen monitor (podium),,,,,,,,,colour check - school things should be blue,,2023-07-17T10:57:29Z,l.mitchell36@rgu.ac.uk
NS411,4,SIWB,Yellow,Yellow Seminar Room,Teaching (School),SSS,,12,,Y,Yes,HDMI & VGA,,Projector,,Standard monitor,WebCam,WebCam,SDC-450,,,,,,,,2023-07-17T10:59:45Z,l.mitchell36@rgu.ac.uk
NS501,5,SIWB,Blue,Studio (Architecture 1-3),Teaching (School),SSS,Stage 1-3,140,,Y,Yes,HDMI & VGA,,Projector,Projector x2,Touchscreen monitor (podium),WebCam x2,WebCam & Lapel,SDC-450,,,,,,colour check - school things should be blue,,2023-07-17T10:57:29Z,l.mitchell36@rgu.ac.uk
NS502,5,SIWB,Yellow,Yellow IT Suite,IT Lab (School),SSS,Groupwork / independent study / 16 PCS,16,,,Yes,,,,,Standard monitor,,,,,,,,,,,2023-07-17T10:59:46Z,l.mitchell36@rgu.ac.uk
SA18,1,GHA,Yellow,Yellow Lecture Theatre,Teaching ,,,68,,,Yes,HDMI,,Projector,,Standard monitor,IP,Gooseneck & boundary,SDC-450,,,Summer 2023,High,Updating,Upgrade to Blue,r.pearce@rgu.ac.uk,2023-07-17T10:59:47Z,l.mitchell36@rgu.ac.uk
SA21,1,GHA,Yellow,Yellow Teaching Room,Teaching,GSA,,,,,Yes,HDMI,,Projector,,Standard monitor,WebCam,WebCam & Gooseneck,SDC-330,,,,,,,,2023-07-17T10:59:48Z,l.mitchell36@rgu.ac.uk
SA26,1,GHA,Specialist,Studio,Specialist Activities,GSA,(Purple),8,,,BYOD,HDMI & Screen share,,Touchscreen,,,USB - conference,USB Conference,,,,,,,,,2023-06-06T14:55:06Z,l.mitchell36@rgu.ac.uk
SA28/29,1,GHA,Specialist,Studio,Specialist Activities,GSA,,,,,N/A,,,,,,,,,,,,,,,,2023-05-30T11:18:40Z,l.mitchell36@rgu.ac.uk
SA32,1,GHA,Yellow,Yellow Teaching Room,Teaching,,,,,,Yes,HDMI,,Projector,,Standard monitor,WebCam,WebCam,,,,,,,unavailable,,2023-07-17T10:59:49Z,l.mitchell36@rgu.ac.uk
SA35,1,GHA,Specialist,Visual Communications,Specialist Activities,GSA,,,,,N/A,,,,,,,,,,,,,,,,2023-05-30T11:18:40Z,l.mitchell36@rgu.ac.uk
SA38,1,GHA,Specialist,Photographic Studio,Specialist Activities,,,,,,N/A,,,,,,,,,,,,,,check school,,2023-05-30T11:18:40Z,l.mitchell36@rgu.ac.uk
SA44/47,1,GHA,Yellow,Yellow MAC Lab,IT Lab (School),GSA,(Yellow) ,62,,,Mac,HDMI,,Projector x2,Projector,Standard monitor,Camera built into MAC,Lapel,,,,Summer 2023,Medium,Updating,Remaining Yellow,r.pearce@rgu.ac.uk,2023-07-17T10:59:50Z,l.mitchell36@rgu.ac.uk
SA47b,1,GHA,Specialist,Digital Print Room,Specialist Activities,GSA,,,,Y,N/A,,,,,,,,,,,,,,,,2023-05-30T11:18:40Z,l.mitchell36@rgu.ac.uk
SA48,1,GHA,Specialist,Green Room,Specialist Activities,,,,,,N/A,,,,,,,,,,,,,,,,2023-05-30T11:18:40Z,l.mitchell36@rgu.ac.uk
SA49,1,GHA,Specialist,Audio Lab,Specialist Activities,GSA,,,,,N/A,,,,,,,,,,,,,,,,2023-05-30T11:18:40Z,l.mitchell36@rgu.ac.uk
SB05,2,GHA,Purple,Boardroom,Meeting,Principal's Office,,11,,Y,Yes,HDMI,,Touchscreen,,,USB - conference,Soundbar,,Cisco 8831,,,,,,,2023-05-30T11:19:02Z,l.mitchell36@rgu.ac.uk
SB13,2,GHA,,Meeting Room,Meeting,BAED,,,,,Yes,,,,,,,,,,,,,,,,2023-05-30T11:04:27Z,l.mitchell36@rgu.ac.uk
SB23,2,GHA,Yellow,Yellow Teaching Room,Teaching (School),GSA,,,,,Yes,HDMI & VGA,,Projector,,Standard monitor,IP,Boundary,SDC-450,,,,,,,,2023-07-17T10:59:51Z,l.mitchell36@rgu.ac.uk
SB27,2,GHA,Purple,Purple Teaching Room,Teaching (School),GSA,,,,Y,BYOD,HDMI & Screen share,,Touchscreen,,,USB - fixed,USB Boundary,,,,,,,,,2023-05-30T11:19:02Z,l.mitchell36@rgu.ac.uk
SB29,2,GHA,,Studio,Teaching (School),GSA,,42,,Y,Mac x2,HDMI & VGA,,Projector x2,Projector,,Camera built into MAC,Lapel,,,,,,,,,2023-05-30T11:04:27Z,l.mitchell36@rgu.ac.uk
SB30/33,2,GHA,Yellow,Yellow IT Lab,IT Lab (School),SOC,,40,,Y,Mac x2,HDMI & VGA,,Projector x2,Projector,Standard monitor,Camera built into MAC,Lapel,,,,,,,signage check,,2023-07-17T10:59:52Z,l.mitchell36@rgu.ac.uk
SB36,2,GHA,Specialist,Studio,Specialist Activities,GSA,(Yellow) ,46,,,Mac,HDMI,,Projector,Projector,,Camera built into MAC,Lapel,WV VSolutionCam,,,,,,,,2023-05-30T11:18:40Z,l.mitchell36@rgu.ac.uk
SB37a,2,GHA,Specialist,Studio,Specialist Activities,GSA,(Yellow) ,,,,Yes,,,,,,,,,,,,,,,,2023-05-30T11:18:40Z,l.mitchell36@rgu.ac.uk
SB37b,2,GHA,Specialist,Studio,Specialist Activities,GSA,(Yellow) ,,,Y,Yes,,,,,,,,,,,,,,,,2023-05-30T11:18:40Z,l.mitchell36@rgu.ac.uk
SB42,2,GHA,,Yellow Lecture Theatre,Teaching ,,,159,,,Yes,HDMI & VGA,,Projector,,,IP,Boundary & lapel,SDC-450,,,,,,,,2023-05-30T11:04:27Z,l.mitchell36@rgu.ac.uk
SB43,2,GHA,,Meeting Room,Meeting,,,14,,Y,Yes,HDMI,VIA Go,Screen,,,WebCam,WebCam,,Cisco 8831,,,,,,,2023-05-30T11:04:27Z,l.mitchell36@rgu.ac.uk
SC01,3,GHA,Yellow,Principals Office,Meeting,Principal's Office,(Yellow) standard signage,18,,Y,Yes,HDMI & VGA,,Screen,Projector,,WebCam,WebCam & boundary,,Cisco 7937,,,,,,,2023-05-30T11:54:05Z,l.mitchell36@rgu.ac.uk
SC26,3,GHA,Yellow,Meeting Room,Meeting,MKT,(Yellow) standard signage,4,,Y,Yes,HDMI,VIA Go,Screen,,,WebCam,WebCam,,Cisco 7937,,,,,,,2023-05-30T11:54:36Z,l.mitchell36@rgu.ac.uk
SC31,3,GHA,Yellow,Meeting Room,Meeting,,(Yellow) standard signage,10,,Y,Yes,HDMI,VIA Go,Screen,,,WebCam,WebCam,,,,,,,,,2023-05-30T11:54:22Z,l.mitchell36@rgu.ac.uk
SC32,3,GHA,Specialist,Studio,Specialist Activities,GSA,(Yellow) ,,,,Yes,VGA,,Projector,Projector,,Not Required,,,,,,,,,,2023-05-30T11:18:40Z,l.mitchell36@rgu.ac.uk
Ic202,2,ICRGU,Yellow,Yellow Training Room,Training Room,DELTA,Staff development,,,Y,,,,,,,,,,,,Summer 2023,High,Updating,Upgrading to Purple,r.pearce@rgu.ac.uk,2023-06-06T15:51:59Z,l.mitchell36@rgu.ac.uk
,,,,,,,,,,,,,,,,,,,,,,,,,,,2023-07-17T10:59:53Z,l.mitchell36@rgu.ac.uk
